﻿{
  "minions": {
    "Minion": {
      "name":  "Minion",
      "texture": "Minion.png",
      "lightColor": [ 0, 63, 203 ],
      "cost": 30,
      "health": 100,
      "towerDamage": 25,
      "killPowerGain": 35,
      "towerHitPowerGain": 25
    },
    "EneymMinion": {
      "name": "EneymMinion",
      "texture": "Minion_2.png",
      "lightColor": [ 183, 85, 255 ],
      "cost": 30,
      "health": 100,
      "towerDamage": 25,
      "killPowerGain": 10,
      "towerHitPowerGain": 25
    },
    "Towerbuster": {
      "name": "Towerbuster",
      "texture": "Minion_3.png",
      "lightColor": [ 153, 229, 80 ],
      "cost": 60,
      "health": 100,
      "towerDamage": 120,
      "killPowerGain": 10,
      "towerHitPowerGain": 25
    },
    "Tank": {
      "name": "Tank",
      "texture": "Minion_4.png",
      "lightColor": [ 172, 50, 50 ],
      "cost": 30,
      "health": 300,
      "towerDamage": 5,
      "killPowerGain": 5,
      "towerHitPowerGain": 5
    }
  }
}
